,RMSE,MAE,R2
Linear Regression,28.00894719786379,19.075512007847536,0.9279472904910535
Random Forest,23.87918921974838,15.015698031275917,0.9476283929009971
